user_id,username,age,gender,country,registration_date
1,lcarr,76,M,Philippines,2024-11-14 04:54:37
2,sheltonlori,15,Other,Denmark,2024-11-14 04:54:37
3,sloannicole,13,Other,Saint Lucia,2024-11-14 04:54:37
4,scarter,62,Other,United States Virgin Islands,2024-11-14 04:54:37
5,shawkins,51,F,Mongolia,2024-11-14 04:54:37
6,michaelramos,80,F,Bahamas,2024-11-14 04:54:37
7,egeorge,45,M,Vanuatu,2024-11-14 04:54:37
8,stephaniehutchinson,68,F,Singapore,2024-11-14 04:54:37
9,cameronmcdonald,60,Other,South Africa,2024-11-14 04:54:37
10,weberangela,17,M,Cote d'Ivoire,2024-11-14 04:54:37
11,gonzalezandrew,78,F,Central African Republic,2024-11-14 04:54:37
12,lopezandrea,72,F,Gambia,2024-11-14 04:54:37
13,stephanie65,27,F,Saudi Arabia,2024-11-14 04:54:37
14,victor08,54,M,Papua New Guinea,2024-11-14 04:54:37
15,jonathan49,23,F,United States Minor Outlying Islands,2024-11-14 04:54:37
16,ajones,57,M,Seychelles,2024-11-14 04:54:37
17,mcalhoun,34,M,Marshall Islands,2024-11-14 04:54:37
18,leemaria,51,Other,Congo,2024-11-14 04:54:37
19,allenkaren,62,M,Portugal,2024-11-14 04:54:37
20,glendavis,58,F,Lebanon,2024-11-14 04:54:37
21,tylerarmstrong,78,Other,Malaysia,2024-11-14 04:54:37
22,roberto07,26,M,United States Virgin Islands,2024-11-14 04:54:37
23,parsonsjo,68,M,Djibouti,2024-11-14 04:54:37
24,campbellmichael,38,F,South Africa,2024-11-14 04:54:37
25,hessglen,37,Other,Belarus,2024-11-14 04:54:37
26,jennifer35,56,F,Japan,2024-11-14 04:54:37
27,anthonypearson,35,F,Denmark,2024-11-14 04:54:37
28,cameron12,54,F,Kiribati,2024-11-14 04:54:37
29,kmccoy,64,M,Suriname,2024-11-14 04:54:37
30,pcooper,17,M,Benin,2024-11-14 04:54:37
31,collin67,54,Other,Morocco,2024-11-14 04:54:37
32,whitenicholas,56,M,South Georgia and the South Sandwich Islands,2024-11-14 04:54:37
33,stevensmary,15,M,Niue,2024-11-14 04:54:37
34,kkelly,44,M,Holy See (Vatican City State),2024-11-14 04:54:37
35,joshua05,39,Other,Finland,2024-11-14 04:54:37
36,malikperez,50,M,Holy See (Vatican City State),2024-11-14 04:54:37
37,michael57,63,M,Qatar,2024-11-14 04:54:37
38,christian88,42,M,Ukraine,2024-11-14 04:54:37
39,nealbradley,29,M,Antarctica (the territory South of 60 deg S),2024-11-14 04:54:37
40,xcarter,13,F,Zimbabwe,2024-11-14 04:54:37
41,michael65,66,F,Niue,2024-11-14 04:54:37
42,erin02,34,F,Western Sahara,2024-11-14 04:54:37
43,jacob98,55,Other,Russian Federation,2024-11-14 05:42:33
44,jessicasanchez,20,F,Iraq,2024-11-14 05:42:33
45,alec17,70,Other,Georgia,2024-11-14 05:42:33
46,zking,79,F,Pitcairn Islands,2024-11-14 05:42:33
47,victoriamills,18,F,Saint Kitts and Nevis,2024-11-14 05:42:33
48,jefferyfowler,57,M,Slovenia,2024-11-14 05:42:33
49,stanley74,60,M,Pakistan,2024-11-14 05:42:33
50,ibrown,75,F,Trinidad and Tobago,2024-11-14 05:42:33
51,leonard45,23,F,Puerto Rico,2024-11-14 05:42:33
52,jordan59,47,Other,Bhutan,2024-11-14 05:42:33
53,mhill,37,Other,Kyrgyz Republic,2024-11-14 05:42:33
54,jeffrey58,22,F,Bulgaria,2024-11-14 05:42:33
55,rossebony,40,Other,Guatemala,2024-11-14 05:42:33
56,evandixon,38,F,Central African Republic,2024-11-14 05:42:33
57,vterrell,15,F,British Virgin Islands,2024-11-14 05:42:33
58,tstewart,40,M,Guyana,2024-11-14 05:42:33
59,meganramirez,67,F,Yemen,2024-11-14 05:42:33
60,zkennedy,67,M,Christmas Island,2024-11-14 05:42:33
61,meganhanson,31,M,Greenland,2024-11-14 05:42:33
62,grant53,39,F,Senegal,2024-11-14 05:42:33
63,wmorris,17,Other,Netherlands Antilles,2024-11-14 05:42:33
64,jessica25,46,Other,Marshall Islands,2024-11-14 05:42:33
65,michael28,62,F,Heard Island and McDonald Islands,2024-11-14 05:42:33
66,orivera,68,F,Tajikistan,2024-11-14 05:42:33
67,sylviacarroll,75,F,Svalbard & Jan Mayen Islands,2024-11-14 05:42:33
68,lhall,41,F,Cameroon,2024-11-14 05:42:33
69,amberboyd,32,F,Montenegro,2024-11-14 05:42:33
70,wallacederek,40,M,Barbados,2024-11-14 05:42:33
71,eperez,53,M,Tajikistan,2024-11-14 05:42:33
72,stephanie73,71,Other,Slovenia,2024-11-14 05:42:33
73,patriciajohnson,48,M,Iraq,2024-11-14 05:42:33
74,wjohnson,35,M,Botswana,2024-11-14 05:42:33
75,dfloyd,20,M,Heard Island and McDonald Islands,2024-11-14 05:42:33
76,mccartyshelia,13,M,Ecuador,2024-11-14 05:42:33
77,megan59,59,M,Portugal,2024-11-14 05:42:33
78,kyleclark,68,Other,Kazakhstan,2024-11-14 05:42:33
79,gdavid,15,M,Kyrgyz Republic,2024-11-14 05:42:33
80,mleon,42,F,Peru,2024-11-14 05:42:33
81,mpatel,36,Other,Russian Federation,2024-11-14 05:42:33
82,jamessimmons,47,M,North Macedonia,2024-11-14 05:42:33
83,cindy10,35,Other,Faroe Islands,2024-11-14 05:42:33
84,tabitha20,45,M,Uganda,2024-11-14 05:42:33
85,hkramer,38,Other,Israel,2024-11-14 05:42:33
86,wtaylor,53,F,Niue,2024-11-14 05:42:33
87,cathy31,58,Other,Djibouti,2024-11-14 05:42:33
88,jacob35,51,M,Lao People's Democratic Republic,2024-11-14 05:42:33
89,ajackson,57,F,Canada,2024-11-14 05:42:33
90,laurahahn,50,F,Macao,2024-11-14 05:42:33
91,wallaceshawn,75,Other,Christmas Island,2024-11-14 05:42:33
92,gail39,35,M,Bouvet Island (Bouvetoya),2024-11-14 05:42:33
93,wli,46,F,French Polynesia,2024-11-14 05:42:33
94,pbryant,44,F,Chile,2024-11-14 05:42:33
95,jcarter,21,Other,Cyprus,2024-11-14 05:42:33
96,richardsonshelley,57,M,Cuba,2024-11-14 05:42:33
97,martindiana,41,F,Mauritius,2024-11-14 05:42:33
98,cellis,54,F,French Polynesia,2024-11-14 05:42:33
99,robert91,70,M,Togo,2024-11-14 05:42:33
100,reyesjason,32,M,Sweden,2024-11-14 05:42:33
101,ubrewer,62,M,Kyrgyz Republic,2024-11-14 05:42:33
102,xadams,43,M,Qatar,2024-11-14 05:42:33
103,jfisher,61,Other,Palestinian Territory,2024-11-14 05:42:33
104,wsmith,16,Other,Cyprus,2024-11-14 05:42:33
105,matthewsmith,78,F,Korea,2024-11-14 05:42:33
106,lsmith,33,Other,Kiribati,2024-11-14 05:42:33
107,laura80,49,M,Czech Republic,2024-11-14 05:42:33
108,whitealbert,70,M,Nauru,2024-11-14 05:42:33
109,sandersjoshua,61,M,American Samoa,2024-11-14 05:42:33
110,sharpjoshua,76,Other,Martinique,2024-11-14 05:42:33
111,zlevine,64,F,Algeria,2024-11-14 05:42:33
112,austinroberts,57,Other,Libyan Arab Jamahiriya,2024-11-14 05:42:33
113,christopherhaynes,17,Other,Ireland,2024-11-14 05:42:33
114,beverlywise,18,F,Albania,2024-11-14 05:42:33
115,barrrachel,63,M,Bosnia and Herzegovina,2024-11-14 05:42:33
116,erikasimpson,60,F,Tajikistan,2024-11-14 05:42:33
117,nicholssarah,66,F,Congo,2024-11-14 05:42:33
118,daniel30,35,Other,Monaco,2024-11-14 05:42:33
119,dunlapangela,20,M,Ukraine,2024-11-14 05:42:33
120,clyons,65,F,Mali,2024-11-14 05:42:33
121,isanders,79,M,Sudan,2024-11-14 05:42:33
122,kellithomas,27,Other,Austria,2024-11-14 05:42:33
124,melissaspencer,71,Other,Jordan,2024-11-14 05:42:33
125,hancockkristen,41,M,Australia,2024-11-14 05:42:33
126,frogers,62,F,Singapore,2024-11-14 05:42:33
127,michael23,59,Other,Northern Mariana Islands,2024-11-14 05:42:33
128,nicholas52,56,M,France,2024-11-14 05:42:33
129,nicholas90,57,F,Tuvalu,2024-11-14 05:42:33
130,hooverfelicia,26,M,United Kingdom,2024-11-14 05:42:33
131,trios,76,Other,China,2024-11-14 05:42:33
132,barrettmichelle,47,F,Greece,2024-11-14 05:42:33
133,jessica97,60,Other,Costa Rica,2024-11-14 05:42:33
134,mcdonaldgeorge,40,F,Tonga,2024-11-14 05:42:33
135,nancypatterson,56,F,Kiribati,2024-11-14 05:42:33
136,imichael,54,M,Jordan,2024-11-14 05:42:33
137,lisa33,54,Other,Guinea,2024-11-14 05:42:33
138,kentdawn,61,M,Zimbabwe,2024-11-14 05:42:33
139,james86,69,F,Monaco,2024-11-14 05:42:33
140,carrolljessica,57,M,Chad,2024-11-14 05:42:33
141,vharris,69,F,Japan,2024-11-14 05:42:33
142,michelle38,56,F,Mayotte,2024-11-14 05:42:33
143,ewhite,67,F,Saint Helena,2024-11-14 05:42:33
144,alison79,15,Other,Bulgaria,2024-11-14 05:42:33
145,patricia19,72,M,Namibia,2024-11-14 05:42:33
146,otate,64,F,Mauritania,2024-11-14 05:42:33
147,piercekelly,61,Other,Cameroon,2024-11-14 05:42:33
148,uwhite,71,F,Guinea,2024-11-14 05:42:33
149,cookbeverly,39,Other,New Zealand,2024-11-14 05:42:33
150,ygallegos,67,Other,Korea,2024-11-14 05:42:33
151,timothy28,51,F,Chad,2024-11-14 05:42:33
152,edgarjames,21,M,Uruguay,2024-11-14 05:42:33
153,gonzalezdiana,14,Other,North Macedonia,2024-11-14 05:42:34
154,rebekah58,30,M,Armenia,2024-11-14 05:42:34
155,kevin52,68,M,Zimbabwe,2024-11-14 05:42:34
156,alicia33,37,Other,Somalia,2024-11-14 05:42:34
157,andrewadams,20,Other,Andorra,2024-11-14 05:42:34
158,petersennoah,38,F,Sweden,2024-11-14 05:42:34
159,kelly40,78,F,Swaziland,2024-11-14 05:42:34
160,nicolevelazquez,35,M,Sao Tome and Principe,2024-11-14 05:42:34
161,lydia50,44,Other,Holy See (Vatican City State),2024-11-14 05:42:34
162,pcollins,30,Other,Qatar,2024-11-14 05:42:34
163,fwilliams,68,F,Puerto Rico,2024-11-14 05:42:34
164,khanson,72,M,Sri Lanka,2024-11-14 05:42:34
165,qconrad,54,F,Martinique,2024-11-14 05:42:34
166,littlelaura,58,F,Congo,2024-11-14 05:42:34
167,matthewyang,44,F,Lebanon,2024-11-14 05:42:34
168,alyssa20,35,F,Guatemala,2024-11-14 05:42:34
169,kcampbell,25,Other,Saint Barthelemy,2024-11-14 05:42:34
170,zunigaryan,20,F,Mali,2024-11-14 05:42:34
171,mark74,58,Other,United Arab Emirates,2024-11-14 05:42:34
172,john91,36,F,Guinea-Bissau,2024-11-14 05:42:34
173,aaronanderson,56,F,Philippines,2024-11-14 05:42:34
174,briggsjeremy,28,F,Paraguay,2024-11-14 05:42:34
175,vstout,35,M,Canada,2024-11-14 05:42:34
176,diana76,22,M,Angola,2024-11-14 05:42:34
177,whitesharon,68,F,Saudi Arabia,2024-11-14 05:42:34
178,valdeztara,35,M,Swaziland,2024-11-14 05:42:34
179,anawise,30,F,Brunei Darussalam,2024-11-14 05:42:34
180,tony94,61,M,Ireland,2024-11-14 05:42:34
181,hpatel,20,Other,Malawi,2024-11-14 05:42:34
182,uholmes,48,M,Panama,2024-11-14 05:42:34
183,castrosarah,70,F,Morocco,2024-11-14 05:42:34
184,jasonsoto,77,F,Solomon Islands,2024-11-14 05:42:34
185,oconnorbrian,42,M,Congo,2024-11-14 05:42:34
186,smithmiranda,39,Other,Andorra,2024-11-14 05:42:34
187,wfoster,38,M,Burundi,2024-11-14 05:42:34
188,freemanchristy,59,F,Thailand,2024-11-14 05:42:34
189,petersonbilly,35,F,Uganda,2024-11-14 05:42:34
190,mhaley,21,M,Holy See (Vatican City State),2024-11-14 05:42:34
191,mileskimberly,13,F,Faroe Islands,2024-11-14 05:42:34
192,sullivansandra,28,Other,Saint Kitts and Nevis,2024-11-14 05:42:34
193,justincollier,37,F,Niue,2024-11-14 05:42:34
194,banksstephanie,70,Other,Netherlands Antilles,2024-11-14 05:42:34
195,gregorysnyder,74,F,Mauritania,2024-11-14 05:42:34
196,hessdebra,17,Other,Tonga,2024-11-14 05:42:34
197,tracymyers,76,Other,Tokelau,2024-11-14 05:42:34
198,arogers,51,Other,Cambodia,2024-11-14 05:42:34
199,elizabeth11,80,F,Uruguay,2024-11-14 05:42:34
200,kimnicole,48,Other,Korea,2024-11-14 05:42:34
201,josephcarlos,57,Other,Botswana,2024-11-14 05:42:34
202,janice67,58,Other,United States Minor Outlying Islands,2024-11-14 05:42:34
203,ijones,48,F,United Arab Emirates,2024-11-14 05:42:34
204,xbrown,45,Other,Guatemala,2024-11-14 05:42:34
205,lindaramirez,58,Other,Burkina Faso,2024-11-14 05:42:34
206,michaelsmith,25,Other,Namibia,2024-11-14 05:42:34
207,christinaward,52,F,Peru,2024-11-14 05:42:34
208,jennifer45,78,Other,Guam,2024-11-14 05:42:34
209,deborah49,68,Other,Svalbard & Jan Mayen Islands,2024-11-14 05:42:34
210,rwilkerson,70,Other,Gabon,2024-11-14 05:42:34
211,hmueller,73,Other,Pakistan,2024-11-14 05:42:34
212,ikelly,46,M,Burkina Faso,2024-11-14 05:42:34
213,pamelanguyen,78,M,Belize,2024-11-14 05:42:34
214,wilsoncandace,16,M,Djibouti,2024-11-14 05:42:34
215,baldwinstephen,32,M,Guinea-Bissau,2024-11-14 05:42:34
216,mariecollins,35,M,Vanuatu,2024-11-14 05:42:34
217,nmills,16,F,Cameroon,2024-11-14 05:42:34
218,johnsonstephen,45,F,Armenia,2024-11-14 05:42:34
219,burtondavid,40,Other,United States Virgin Islands,2024-11-14 05:42:34
220,bakerkeith,16,Other,Aruba,2024-11-14 05:42:34
221,langtheresa,73,M,French Guiana,2024-11-14 05:42:34
222,campbellnicholas,27,Other,Nauru,2024-11-14 05:42:34
223,john36,68,Other,North Macedonia,2024-11-14 05:42:34
224,scottklein,39,F,Portugal,2024-11-14 05:42:34
225,lkennedy,18,F,Palau,2024-11-14 05:42:34
226,davissally,56,Other,Norfolk Island,2024-11-14 05:42:34
227,melissa15,32,Other,Tuvalu,2024-11-14 05:42:34
228,jessesmith,74,M,United States Minor Outlying Islands,2024-11-14 05:42:34
229,joshuadawson,28,F,Guinea-Bissau,2024-11-14 05:42:34
230,franklinjames,30,F,Afghanistan,2024-11-14 05:42:34
231,ksutton,44,F,Equatorial Guinea,2024-11-14 05:42:34
232,ryan09,74,M,Ethiopia,2024-11-14 05:42:34
233,sosakevin,69,M,Uganda,2024-11-14 05:42:34
234,moorerobin,27,Other,Myanmar,2024-11-14 05:42:34
235,christopherchambers,52,Other,Reunion,2024-11-14 05:42:34
236,tracygarrison,75,M,Gibraltar,2024-11-14 05:42:34
237,hoovertracy,14,M,Latvia,2024-11-14 05:42:34
238,sherryrogers,48,M,Iran,2024-11-14 05:42:34
239,susanlindsey,50,F,Greece,2024-11-14 05:42:34
240,lee95,53,M,Central African Republic,2024-11-14 05:42:34
241,johnfletcher,37,M,Nepal,2024-11-14 05:42:34
242,rowemonica,53,Other,Nepal,2024-11-14 05:42:34
243,vgonzales,53,Other,Korea,2024-11-14 05:42:34
244,bradleypowell,68,F,United Arab Emirates,2024-11-14 05:42:34
245,hallrobert,35,F,Western Sahara,2024-11-14 05:42:34
246,kwheeler,43,Other,Uruguay,2024-11-14 05:42:34
247,gwhite,19,F,Malaysia,2024-11-14 05:42:34
248,hahnhaley,46,F,Latvia,2024-11-14 05:42:34
249,wwhite,35,F,Fiji,2024-11-14 05:42:34
250,freemannathan,45,M,French Polynesia,2024-11-14 05:42:34
251,matthew70,72,F,Senegal,2024-11-14 05:42:34
252,howellcory,38,M,Qatar,2024-11-14 05:42:34
253,valerie14,52,F,Poland,2024-11-14 05:42:34
254,joelrodriguez,30,Other,Sudan,2024-11-14 05:42:34
255,jenniferholloway,26,F,Moldova,2024-11-14 05:42:34
256,aguilarmary,17,M,Ghana,2024-11-14 05:42:34
258,markpacheco,50,F,Palau,2024-11-14 05:42:34
259,srivera,46,M,Guyana,2024-11-14 05:42:34
260,tayloranthony,66,Other,Syrian Arab Republic,2024-11-14 05:42:34
261,sarahcalderon,78,F,Senegal,2024-11-14 05:42:34
262,craighunter,58,F,Gabon,2024-11-14 05:42:34
263,hmeyer,80,M,American Samoa,2024-11-14 05:42:34
264,hmarsh,55,Other,Cote d'Ivoire,2024-11-14 05:42:34
265,bdixon,15,M,Belgium,2024-11-14 05:42:34
266,brownmichael,26,Other,Antarctica (the territory South of 60 deg S),2024-11-14 05:42:34
267,stricklandnicole,25,M,Spain,2024-11-14 05:42:34
268,christophererickson,47,Other,Puerto Rico,2024-11-14 05:42:34
269,marywilson,69,M,Bouvet Island (Bouvetoya),2024-11-14 05:42:34
270,sheachristina,28,F,Syrian Arab Republic,2024-11-14 05:42:34
271,lbrown,27,M,United States Virgin Islands,2024-11-14 05:42:34
272,jessicacoleman,21,F,Nepal,2024-11-14 05:42:34
273,eric16,50,Other,Dominica,2024-11-14 05:42:34
274,wilsonlauren,67,M,Bahamas,2024-11-14 05:42:34
275,jessica89,38,F,United States Minor Outlying Islands,2024-11-14 05:42:34
276,landerson,76,Other,Spain,2024-11-14 05:42:34
277,wendy30,74,F,Northern Mariana Islands,2024-11-14 05:42:34
278,mcfarlandmelanie,23,F,Isle of Man,2024-11-14 05:42:34
279,srogers,25,F,New Caledonia,2024-11-14 05:42:34
280,dbryant,75,Other,Philippines,2024-11-14 05:42:34
281,christopherfoley,30,M,Libyan Arab Jamahiriya,2024-11-14 05:42:34
282,denise84,54,M,Iran,2024-11-14 05:42:34
283,marcus79,34,M,Sri Lanka,2024-11-14 05:42:34
284,timothyparker,41,Other,United States Virgin Islands,2024-11-14 05:42:34
285,guerrerochristian,56,F,Norway,2024-11-14 05:42:34
286,benjaminmueller,70,M,Lithuania,2024-11-14 05:42:34
287,andrewroberts,67,F,Croatia,2024-11-14 05:42:34
288,lsnyder,40,Other,Bhutan,2024-11-14 05:42:34
289,dbrown,14,M,Yemen,2024-11-14 05:42:34
290,chad89,66,F,Finland,2024-11-14 05:42:34
291,amandamorgan,27,M,Switzerland,2024-11-14 05:42:34
292,oturner,37,M,Samoa,2024-11-14 05:42:34
293,cannonandrew,76,M,Georgia,2024-11-14 05:42:34
294,carlyhall,57,F,Congo,2024-11-14 05:42:34
295,marie72,38,Other,Singapore,2024-11-14 05:42:34
296,benglish,52,M,Cook Islands,2024-11-14 05:42:34
297,dawnjackson,63,F,Iran,2024-11-14 05:42:34
298,clarkjohn,49,Other,Micronesia,2024-11-14 05:42:34
299,ebrown,72,F,Nauru,2024-11-14 05:42:34
300,msmith,49,Other,Dominica,2024-11-14 05:42:34
301,ilogan,13,M,Zimbabwe,2024-11-14 05:42:34
302,pattersonkrystal,16,M,Canada,2024-11-14 05:42:34
303,scottarnold,51,M,Somalia,2024-11-14 05:42:34
304,taylordavid,21,M,Palestinian Territory,2024-11-14 05:42:34
305,susanle,68,M,Bahrain,2024-11-14 05:42:34
306,cooperyvette,32,Other,Morocco,2024-11-14 05:42:34
307,josephhanson,37,Other,Austria,2024-11-14 05:42:34
308,jamesmelissa,43,M,Turkey,2024-11-14 05:42:34
309,robertkelly,34,M,Armenia,2024-11-14 05:42:34
310,coloncharles,71,Other,Saint Helena,2024-11-14 05:42:34
311,brownpatrick,67,Other,Saint Martin,2024-11-14 05:42:34
312,ruizcindy,67,Other,Moldova,2024-11-14 05:42:34
313,ktran,50,M,Hungary,2024-11-14 05:42:34
314,tchaney,34,M,Kenya,2024-11-14 05:42:34
315,russell27,52,M,Svalbard & Jan Mayen Islands,2024-11-14 05:42:34
316,tiffany04,75,Other,Pitcairn Islands,2024-11-14 05:42:34
317,vanessa96,36,F,Djibouti,2024-11-14 05:42:34
318,rickylewis,47,Other,Bulgaria,2024-11-14 05:42:34
319,rachel12,50,M,Azerbaijan,2024-11-14 05:42:34
320,alexandermichaela,55,Other,Dominica,2024-11-14 05:42:34
321,pperez,14,M,Kenya,2024-11-14 05:42:34
322,campbelldevin,13,M,Canada,2024-11-14 05:42:34
323,acowan,65,F,Mauritius,2024-11-14 05:42:34
324,michael49,58,Other,Wallis and Futuna,2024-11-14 05:42:34
325,todd77,57,M,Croatia,2024-11-14 05:42:34
326,jesse56,53,M,Equatorial Guinea,2024-11-14 05:42:34
327,danieljones,20,F,Haiti,2024-11-14 05:42:34
328,carrollkelly,61,Other,Guatemala,2024-11-14 05:42:34
329,charlotte91,29,M,Grenada,2024-11-14 05:42:34
330,kenneth50,55,Other,Myanmar,2024-11-14 05:42:34
331,goodwinmichael,70,Other,Togo,2024-11-14 05:42:34
332,hernandezmark,64,Other,Mongolia,2024-11-14 05:42:34
333,eschmidt,34,M,Seychelles,2024-11-14 05:42:34
334,zacharygordon,55,F,Mauritania,2024-11-14 05:42:34
335,jonesdiana,13,Other,Guam,2024-11-14 05:42:34
336,wthornton,23,M,Honduras,2024-11-14 05:42:34
337,bautistajoseph,44,F,Papua New Guinea,2024-11-14 05:42:34
338,matthew63,25,F,Christmas Island,2024-11-14 05:42:34
339,kentshah,16,Other,Bahamas,2024-11-14 05:42:34
340,makayla30,32,F,Andorra,2024-11-14 05:42:34
341,gharmon,43,M,United States of America,2024-11-14 05:42:34
342,heather71,18,Other,Chile,2024-11-14 05:42:34
343,davisdeborah,63,Other,United States of America,2024-11-14 05:42:34
344,rita36,51,M,New Zealand,2024-11-14 05:42:34
345,bsnyder,76,F,Micronesia,2024-11-14 05:42:34
346,xli,64,Other,Congo,2024-11-14 05:42:34
347,mendozamorgan,44,Other,Spain,2024-11-14 05:42:34
348,ynelson,73,Other,Barbados,2024-11-14 05:42:34
349,johnchandler,15,Other,Nepal,2024-11-14 05:42:34
350,andreajensen,48,Other,Moldova,2024-11-14 05:42:34
351,royjay,20,F,Russian Federation,2024-11-14 05:42:34
352,bfreeman,21,F,Uruguay,2024-11-14 05:42:34
353,fostercassandra,71,M,Wallis and Futuna,2024-11-14 05:42:34
354,guerradavid,78,Other,Djibouti,2024-11-14 05:42:34
355,michael05,17,M,Reunion,2024-11-14 05:42:34
356,kimriley,50,F,Botswana,2024-11-14 05:42:34
357,gregoryyoung,21,M,Afghanistan,2024-11-14 05:42:34
358,dudleykristy,13,Other,Holy See (Vatican City State),2024-11-14 05:42:34
359,deckerkristin,67,F,Saint Vincent and the Grenadines,2024-11-14 05:42:34
360,perezjohn,63,Other,Malta,2024-11-14 05:42:34
361,victoria37,34,M,Cocos (Keeling) Islands,2024-11-14 05:42:34
362,michael93,32,M,Djibouti,2024-11-14 05:42:34
363,jeffrey72,75,M,Kiribati,2024-11-14 05:42:34
364,tara69,45,Other,Bahamas,2024-11-14 05:42:34
365,clinton96,25,M,Belgium,2024-11-14 05:42:34
366,ann14,70,M,Kenya,2024-11-14 05:42:34
367,ijohnson,58,Other,Benin,2024-11-14 05:42:34
368,lromero,37,M,Burkina Faso,2024-11-14 05:42:34
369,mooremichael,73,M,Comoros,2024-11-14 05:42:34
370,mpetty,27,F,Cocos (Keeling) Islands,2024-11-14 05:42:34
371,mcoleman,14,Other,Bangladesh,2024-11-14 05:42:34
372,bakerbrandon,71,M,Armenia,2024-11-14 05:42:34
373,destinyroberts,75,F,Turkey,2024-11-14 05:42:34
374,ggarcia,46,F,Oman,2024-11-14 05:42:34
375,sreed,51,Other,Syrian Arab Republic,2024-11-14 05:42:34
376,tammy69,51,M,Norfolk Island,2024-11-14 05:42:34
377,mauricegeorge,80,M,Cameroon,2024-11-14 05:42:34
378,lferguson,74,Other,Iceland,2024-11-14 05:42:34
379,qpowell,29,M,Mauritania,2024-11-14 05:42:34
380,angelreyes,40,M,Botswana,2024-11-14 05:42:34
381,gregorymejia,49,F,Eritrea,2024-11-14 05:42:34
382,reyestraci,43,M,Panama,2024-11-14 05:42:34
383,ygarcia,71,F,Andorra,2024-11-14 05:42:34
384,boydjennifer,75,Other,Tonga,2024-11-14 05:42:34
385,brian66,80,M,Lebanon,2024-11-14 05:42:34
386,alexander79,50,Other,Israel,2024-11-14 05:42:34
387,sandragray,28,Other,Azerbaijan,2024-11-14 05:42:34
388,tpatterson,61,Other,Rwanda,2024-11-14 05:42:34
389,christopher17,74,F,Honduras,2024-11-14 05:42:34
390,tmoore,53,Other,Malawi,2024-11-14 05:42:34
391,amartinez,33,M,Morocco,2024-11-14 05:42:34
392,sancheztim,33,F,Burundi,2024-11-14 05:42:34
393,jonathan27,15,F,Armenia,2024-11-14 05:42:34
394,frichardson,33,M,Gabon,2024-11-14 05:42:34
395,djames,17,Other,North Macedonia,2024-11-14 05:42:34
396,robert53,63,M,Pitcairn Islands,2024-11-14 05:42:34
397,amanda97,37,F,Albania,2024-11-14 05:42:34
398,alex26,75,F,Samoa,2024-11-14 05:42:34
399,ubrown,69,F,Denmark,2024-11-14 05:42:34
400,sbarr,73,M,Dominican Republic,2024-11-14 05:42:34
401,jonathan66,75,M,Lithuania,2024-11-14 05:42:34
402,calvingonzalez,16,M,Cuba,2024-11-14 05:42:34
403,lwillis,36,F,Holy See (Vatican City State),2024-11-14 05:42:34
404,charlesandrew,54,M,Anguilla,2024-11-14 05:42:34
405,greenvickie,61,Other,Jamaica,2024-11-14 05:42:34
406,zcrawford,22,Other,Singapore,2024-11-14 05:42:34
407,rrogers,78,F,South Africa,2024-11-14 05:42:34
408,lpeck,68,F,Serbia,2024-11-14 05:42:34
409,swinters,50,M,Montserrat,2024-11-14 05:42:34
410,jonathan06,55,F,Guinea-Bissau,2024-11-14 05:42:34
411,laurarodriguez,44,M,Papua New Guinea,2024-11-14 05:42:34
412,jennifer40,30,Other,Moldova,2024-11-14 05:42:34
413,gabriellerussell,23,F,Bolivia,2024-11-14 05:42:34
414,mary59,43,F,Niue,2024-11-14 05:42:34
415,rburke,52,F,Tokelau,2024-11-14 05:42:34
416,michelewilson,27,Other,Venezuela,2024-11-14 05:42:34
417,william53,25,F,Vietnam,2024-11-14 05:42:34
418,jonesdavid,50,M,Antigua and Barbuda,2024-11-14 05:42:34
419,charlotteking,60,F,Thailand,2024-11-14 05:42:34
420,kristiecook,58,F,El Salvador,2024-11-14 05:42:34
421,wibarra,80,M,Colombia,2024-11-14 05:42:34
422,joannakemp,24,F,Burkina Faso,2024-11-14 05:42:34
423,brianjohnson,66,Other,Bangladesh,2024-11-14 05:42:34
424,brandy76,60,F,Zimbabwe,2024-11-14 05:42:34
425,zacharywatson,54,Other,Guadeloupe,2024-11-14 05:42:34
426,james40,39,F,Zimbabwe,2024-11-14 05:42:34
427,jacob40,53,Other,Guernsey,2024-11-14 05:42:34
428,virginiamoore,34,M,Mozambique,2024-11-14 05:42:34
429,oscar76,15,Other,Anguilla,2024-11-14 05:42:34
430,xmercer,40,M,Czech Republic,2024-11-14 05:42:34
431,gglover,39,Other,Solomon Islands,2024-11-14 05:42:34
432,loganrobinson,21,F,Tonga,2024-11-14 05:42:34
433,ithornton,61,M,Niue,2024-11-14 05:42:34
434,jvalenzuela,76,M,Gabon,2024-11-14 05:42:34
435,robert41,34,Other,Montenegro,2024-11-14 05:42:34
436,yavila,37,Other,Croatia,2024-11-14 05:42:34
437,parrishlucas,61,Other,Gambia,2024-11-14 05:42:34
438,christine32,78,F,Philippines,2024-11-14 05:42:34
439,schwartzbrian,78,F,Kenya,2024-11-14 05:42:34
440,zleonard,42,M,Ireland,2024-11-14 05:42:34
441,donna83,76,M,Romania,2024-11-14 05:42:34
442,russozachary,52,M,Albania,2024-11-14 05:42:34
443,westcarlos,51,F,Cook Islands,2024-11-14 05:42:34
444,barbaralewis,44,M,Guadeloupe,2024-11-14 05:42:34
445,janet02,60,Other,Dominica,2024-11-14 05:42:34
446,brianreid,20,F,Chad,2024-11-14 05:42:34
447,hineskurt,28,Other,United Arab Emirates,2024-11-14 05:42:34
448,deborah84,69,Other,Canada,2024-11-14 05:42:34
449,destinystewart,32,Other,Guinea,2024-11-14 05:42:34
450,brownraymond,40,M,Congo,2024-11-14 05:42:34
451,laura18,71,M,Taiwan,2024-11-14 05:42:34
452,willie08,75,M,Korea,2024-11-14 05:42:34
453,nicole29,54,F,Egypt,2024-11-14 05:42:34
454,gsmith,75,M,Bouvet Island (Bouvetoya),2024-11-14 05:42:34
455,katherine40,23,Other,Sao Tome and Principe,2024-11-14 05:42:34
456,cynthia26,31,M,Vietnam,2024-11-14 05:42:34
457,choffman,20,F,Cyprus,2024-11-14 05:42:34
458,russellkevin,48,M,Bulgaria,2024-11-14 05:42:34
459,gcoleman,80,Other,Ukraine,2024-11-14 05:42:34
460,gruiz,62,M,Kuwait,2024-11-14 05:42:34
461,jennifer59,73,M,Liechtenstein,2024-11-14 05:42:34
462,ecook,18,Other,Panama,2024-11-14 05:42:34
463,taylor89,17,M,Morocco,2024-11-14 05:42:34
464,david25,34,F,Tokelau,2024-11-14 05:42:34
465,blakelewis,76,M,Bolivia,2024-11-14 05:42:34
466,sandrarussell,23,F,French Polynesia,2024-11-14 05:42:34
467,qkelly,61,F,Rwanda,2024-11-14 05:42:34
468,fsmith,72,M,Maldives,2024-11-14 05:42:34
469,gmcdaniel,36,F,Rwanda,2024-11-14 05:42:34
470,jonathanescobar,47,Other,Bangladesh,2024-11-14 05:42:34
471,joseph48,22,M,Austria,2024-11-14 05:42:34
472,fcox,30,M,Greece,2024-11-14 05:42:34
473,scott81,24,Other,Nicaragua,2024-11-14 05:42:34
474,marygross,64,Other,Qatar,2024-11-14 05:42:34
475,jessica17,22,F,Taiwan,2024-11-14 05:42:34
476,hensonlatasha,77,F,Eritrea,2024-11-14 05:42:34
477,glassdavid,68,F,Mayotte,2024-11-14 05:42:34
478,timothy12,74,M,Grenada,2024-11-14 05:42:34
479,tmartinez,67,F,Guam,2024-11-14 05:42:34
480,anna80,56,M,Tajikistan,2024-11-14 05:42:34
481,holly71,52,F,Greece,2024-11-14 05:42:34
482,bianca96,32,M,Poland,2024-11-14 05:42:34
483,tyler57,20,M,Singapore,2024-11-14 05:42:34
484,sarastevens,27,Other,Azerbaijan,2024-11-14 05:42:34
485,aliciasutton,66,Other,Lithuania,2024-11-14 05:42:34
486,jesse99,54,F,Slovakia (Slovak Republic),2024-11-14 05:42:34
487,ybrooks,77,F,Burkina Faso,2024-11-14 05:42:34
488,miranda41,78,F,Libyan Arab Jamahiriya,2024-11-14 05:42:34
489,fordjames,41,M,Andorra,2024-11-14 05:42:34
490,john24,75,Other,Cayman Islands,2024-11-14 05:42:34
491,zoe73,58,Other,Jordan,2024-11-14 05:42:34
492,bergermelissa,57,M,Italy,2024-11-14 05:42:34
493,huntaaron,21,F,Palau,2024-11-14 05:42:34
494,michellebutler,43,Other,Switzerland,2024-11-14 05:42:34
495,david23,39,F,Mauritius,2024-11-14 05:42:34
496,whitechristine,71,Other,Azerbaijan,2024-11-14 05:42:34
497,derekmorales,59,F,Andorra,2024-11-14 05:42:34
498,markgreer,65,M,Japan,2024-11-14 05:42:34
499,qramsey,61,Other,Hungary,2024-11-14 05:42:34
500,ulucero,14,M,Belarus,2024-11-14 05:42:34
501,andrew25,37,Other,Djibouti,2024-11-14 05:42:34
502,thomastodd,36,Other,Botswana,2024-11-14 05:42:34
503,adrian14,15,Other,Martinique,2024-11-14 05:42:34
504,cheryl91,23,M,Faroe Islands,2024-11-14 05:42:34
505,laura04,34,M,Bolivia,2024-11-14 05:42:34
506,alexandra30,44,F,Afghanistan,2024-11-14 05:42:34
507,heatheredwards,36,F,Benin,2024-11-14 05:42:34
508,awong,72,M,Ecuador,2024-11-14 05:42:34
509,laurie97,15,F,Cote d'Ivoire,2024-11-14 05:42:34
510,zreed,73,F,Australia,2024-11-14 05:42:34
511,rhanson,24,F,Northern Mariana Islands,2024-11-14 05:42:34
512,dawnanderson,15,F,Spain,2024-11-14 05:42:34
513,huynhlauren,72,M,Malta,2024-11-14 05:42:34
514,ucantu,37,Other,Congo,2024-11-14 05:42:34
515,devinbonilla,26,M,Guadeloupe,2024-11-14 05:42:34
516,scottlori,21,Other,Iran,2024-11-14 05:42:34
517,nicholassmith,23,M,Lao People's Democratic Republic,2024-11-14 05:42:34
518,angelaanderson,17,M,Isle of Man,2024-11-14 05:42:34
519,pgomez,50,M,Malawi,2024-11-14 05:42:34
520,kyleclayton,72,Other,Belarus,2024-11-14 05:42:34
521,lberry,65,F,Japan,2024-11-14 05:42:34
522,ntaylor,50,F,Saudi Arabia,2024-11-14 05:42:34
523,carrolljay,66,M,Faroe Islands,2024-11-14 05:42:34
524,john97,64,Other,French Southern Territories,2024-11-14 05:42:34
525,diana44,44,Other,Saint Kitts and Nevis,2024-11-14 05:42:34
526,weaverpaul,45,Other,Moldova,2024-11-14 05:42:34
527,zjimenez,42,Other,Syrian Arab Republic,2024-11-14 05:42:34
528,parkanna,33,Other,Panama,2024-11-14 05:42:34
529,ymartin,72,Other,French Southern Territories,2024-11-14 05:42:34
530,stephanie51,29,F,Saint Vincent and the Grenadines,2024-11-14 05:42:34
531,kempmark,50,M,Thailand,2024-11-14 05:42:34
532,james80,71,M,Bahrain,2024-11-14 05:42:34
533,simpsonbrian,26,M,Monaco,2024-11-14 05:42:34
534,dmorrison,28,M,Monaco,2024-11-14 05:42:34
535,zknapp,65,Other,Uruguay,2024-11-14 05:42:34
536,ttorres,31,F,Uruguay,2024-11-14 05:42:34
537,andrew45,15,Other,Switzerland,2024-11-14 05:42:34
538,lisa98,25,M,Brunei Darussalam,2024-11-14 05:42:34
539,stephanie09,68,Other,Greece,2024-11-14 05:42:34
540,rwoodard,47,Other,Comoros,2024-11-14 05:42:34
541,andrew39,72,F,Iraq,2024-11-14 05:42:34
542,lutzjacob,34,Other,Somalia,2024-11-14 05:42:34
543,colemanjames,37,M,El Salvador,2024-11-14 05:42:34
544,tristancooper,15,M,Sudan,2024-11-14 05:42:34
545,teresa48,57,F,Kenya,2024-11-14 05:42:34
546,sandramoore,38,M,Botswana,2024-11-14 05:42:34
547,aramsey,41,F,Tanzania,2024-11-14 05:42:34
548,fshaw,23,M,Myanmar,2024-11-14 05:42:34
549,rdavidson,38,Other,Isle of Man,2024-11-14 05:42:34
550,oneilljames,76,F,Pitcairn Islands,2024-11-14 05:42:34
551,michelle03,63,F,Djibouti,2024-11-14 05:42:34
552,annesmith,45,F,Niue,2024-11-14 05:42:34
553,robert22,39,M,Iran,2024-11-14 05:42:34
554,zdorsey,62,F,Algeria,2024-11-14 05:42:34
555,christophermorrow,54,M,Jersey,2024-11-14 05:42:34
556,kmorales,31,M,Costa Rica,2024-11-14 05:42:34
557,beanjulie,58,M,Norfolk Island,2024-11-14 05:42:34
558,johnwade,79,M,Gabon,2024-11-14 05:42:34
